CREATE TABLE ZIPCODES47
(
ZIP VARCHAR(6) PRIMARY KEY,
CITY VARCHAR(20) NOT NULL
);

CREATE TABLE EMPLOYEES47
(
ENO NUMBER(3) PRIMARY KEY,
ENAME VARCHAR(20) NOT NULL,
ZIP VARCHAR(6),
HDATE DATE,
FOREIGN KEY (ZIP) REFERENCES ZIPCODES47 (ZIP)
);

CREATE TABLE PARTS47(
PNO NUMBER(3) PRIMARY KEY,
PNAME VARCHAR(20) NOT NULL,
QOH NUMBER(10),
PRICE NUMBER(10),
LVL NUMBER(6)
);

CREATE TABLE CUSTOMERS47
(
CNO NUMBER(3) PRIMARY KEY,
CNAME VARCHAR(20) NOT NULL,
STREET VARCHAR(30),
ZIP VARCHAR(6),
PHONE NUMBER(10),
FOREIGN KEY (ZIP) REFERENCES ZIPCODES47 (ZIP)
);

CREATE TABLE ORDERS47
(
ONO NUMBER(3) PRIMARY KEY,
CNO NUMBER(3),
ENO NUMBER(3),
RECEIVED VARCHAR(3) CHECK (RECEIVED IN ('YES','NO')),
SHIPPED VARCHAR(3) CHECK (SHIPPED IN ('YES','NO')),
FOREIGN KEY (CNO) REFERENCES CUSTOMERS47 (CNO),
FOREIGN KEY (ENO) REFERENCES EMPLOYEES47 (ENO)
);

CREATE TABLE ODETAILS47
(
ONO NUMBER(3),
PNO NUMBER(3),
QTY NUMBER(6),
PRIMARY KEY (ONO,PNO),
FOREIGN KEY (ONO) REFERENCES ORDERS47 (ONO),
FOREIGN KEY (PNO) REFERENCES PARTS47 (PNO)
);

INSERT INTO ZIPCODES47 VALUES ('700001','Kolkata');

INSERT INTO ZIPCODES47 VALUES ('560001','Bengaluru');

INSERT INTO ZIPCODES47 VALUES ('110001','Delhi');

INSERT INTO ZIPCODES47 VALUES ('400001','Mumbai');

INSERT INTO ZIPCODES47 VALUES ('600001','Chennai');

INSERT INTO ZIPCODES47 VALUES ('500001','Hyderabad');

INSERT INTO ZIPCODES47 VALUES ('751001','Bhubaneswar');

INSERT INTO ZIPCODES47 VALUES ('302001','Jaipur');

INSERT INTO ZIPCODES47 VALUES ('682001','Kochi');

INSERT INTO ZIPCODES47 VALUES ('144001','Jalandhar');


INSERT INTO EMPLOYEES47 VALUES (101,'Arjun Sen','700001',DATE '2020-05-12');

INSERT INTO EMPLOYEES47 VALUES (102,'Meera Das','560001',DATE '2019-03-18');

INSERT INTO EMPLOYEES47 VALUES (103,'Ravi Kumar','110001',DATE '2021-07-01');

INSERT INTO EMPLOYEES47 VALUES (104,'Sneha Roy','400001',DATE '2018-11-25');

INSERT INTO EMPLOYEES47 VALUES (105,'Vikram Iyer','600001',DATE '2022-01-10');

INSERT INTO EMPLOYEES47 VALUES (106,'Priya Nair','682001',DATE '2020-09-14');

INSERT INTO EMPLOYEES47 VALUES (107,'Sanjay Gupta','302001',DATE '2017-12-05');

INSERT INTO EMPLOYEES47 VALUES (108,'Anita Sharma','500001',DATE '2019-06-30');

INSERT INTO EMPLOYEES47 VALUES (109,'Karan Patel','751001',DATE '2021-02-20');

INSERT INTO EMPLOYEES47 VALUES (110,'Neha Kapoor','144001',DATE '2023-04-11');

INSERT INTO PARTS47 VALUES (201,'Bolt',500,5,1);

INSERT INTO PARTS47 VALUES (202,'Nut',800,2,1);

INSERT INTO PARTS47 VALUES (203,'Screw',1000,3,2);

INSERT INTO PARTS47 VALUES (204,'Washer',600,1,1);

INSERT INTO PARTS47 VALUES (205,'Gear',150,50,3);

INSERT INTO PARTS47 VALUES (206,'Bearing',200,75,3);

INSERT INTO PARTS47 VALUES (207,'Pipe',300,40,2);

INSERT INTO PARTS47 VALUES (208,'Valve',120,120,4);

INSERT INTO PARTS47 VALUES (209,'Motor',50,500,5);

INSERT INTO PARTS47 VALUES (210,'Switch',400,25,2);

INSERT INTO CUSTOMERS47 VALUES (301,'Global Traders','Park Street','700001',9876543210);

INSERT INTO CUSTOMERS47 VALUES (302,'Tech Supplies','MG Road','560001',9123456780);

INSERT INTO CUSTOMERS47 VALUES (303,'Metro Hardware','Connaught Place','110001',9988776655);

INSERT INTO CUSTOMERS47 VALUES (304,'Sunrise Tools','Marine Drive','400001',9876501234);

INSERT INTO CUSTOMERS47 VALUES (305,'Southern Equip','Anna Salai','600001',9765432109);

INSERT INTO CUSTOMERS47 VALUES (306,'Eastern Metals','Banjara Hills','500001',9345678901);

INSERT INTO CUSTOMERS47 VALUES (307,'Odisha Traders','Janpath','751001',9456123789);

INSERT INTO CUSTOMERS47 VALUES (308,'Raj Tools','MI Road','302001',9234567890);

INSERT INTO CUSTOMERS47 VALUES (309,'Kerala Supplies','MG Road','682001',9321098765);

INSERT INTO CUSTOMERS47 VALUES (310,'Punjab Hardware','Model Town','144001',9876123450);

INSERT INTO ORDERS47 VALUES (401,301,101,'YES','NO');

INSERT INTO ORDERS47 VALUES (402,302,102,'YES','YES');

INSERT INTO ORDERS47 VALUES (403,303,103,'NO','NO');

INSERT INTO ORDERS47 VALUES (404,304,104,'YES','YES');

INSERT INTO ORDERS47 VALUES (405,305,105,'YES','NO');

INSERT INTO ORDERS47 VALUES (406,306,106,'NO','NO');

INSERT INTO ORDERS47 VALUES (407,307,107,'YES','YES');

INSERT INTO ORDERS47 VALUES (408,308,108,'YES','NO');

INSERT INTO ODETAILS47 VALUES (401,201,50);

INSERT INTO ODETAILS47 VALUES (401,202,30);

INSERT INTO ODETAILS47 VALUES (402,203,100);

INSERT INTO ODETAILS47 VALUES (402,204,60);

INSERT INTO ODETAILS47 VALUES (403,205,10);

INSERT INTO ODETAILS47 VALUES (403,206,5);

INSERT INTO ODETAILS47 VALUES (404,207,20);

INSERT INTO ODETAILS47 VALUES (404,208,8);

INSERT INTO ODETAILS47 VALUES (405,209,2);

INSERT INTO ODETAILS47 VALUES (405,210,15);

INSERT INTO ODETAILS47 VALUES (406,201,40);

INSERT INTO ODETAILS47 VALUES (406,203,25);

INSERT INTO ODETAILS47 VALUES (407,204,50);

INSERT INTO ODETAILS47 VALUES (407,205,12);

INSERT INTO ODETAILS47 VALUES (408,206,7);

INSERT INTO ODETAILS47 VALUES (408,207,18);

INSERT INTO ODETAILS47 VALUES (409,208,4);

INSERT INTO ODETAILS47 VALUES (409,210,20);

INSERT INTO ODETAILS47 VALUES (410,209,3);

INSERT INTO ODETAILS47 VALUES (410,202,25);

SELECT PNO, PNAME FROM PARTS WHERE PRICE<20;

SELECT DISTINCT P.PNO, P.PNAME
FROM ODETAILS47 O
JOIN PARTS47 P ON O.PNO = P.PNO;

SELECT * FROM CUSTOMERS47 WHERE CNAME LIKE 'S%';

SELECT O.ONO, C.CNAME
FROM ORDERS47 O
JOIN CUSTOMERS47 C ON O.CNO = C.CNO
WHERE O.SHIPPED = 'NO';

SELECT C.CNAME,E.ENAME 
FROM ORDERS47 O
JOIN CUSTOMERS47 C ON O.CNO=C.CNO
JOIN EMPLOYEES47 E ON O.ENO=E.ENO;

SELECT ENAME, HDATE
FROM EMPLOYEES47
ORDER BY HDATE ASC;

SELECT PNO, PNAME, PRICE FROM PARTS47 
WHERE PRICE>20000
ORDER BY PNO ASC;

SELECT DISTINCT P.PNO, P.PNAME, (P.PRICE * P.LVL) AS SALES
FROM PARTS47 P
JOIN ODETAILS47 O ON P.PNO = O.PNO;

SELECT PNO, SUM(QTY) AS TOTAL_QTY
FROM ODETAILS47
WHERE PNO = 201   
GROUP BY PNO;

SELECT E.ENO 
FROM EMPLOYEES47 E
JOIN ZIPCODES47 Z ON E.ZIP=Z.ZIP
WHERE Z.CITY='Mumbai';



INSERT INTO ORDERS47 VALUES (409,309,109,'NO','NO');

INSERT INTO ORDERS47 VALUES (410,310,110,'YES','YES');
